Workbook

Sheet Inventory
A1: ItemID | B1: ItemName | C1: Category | D1: UnitPrice | E1: ReorderLevel | F1: Supplier | G1: Total received | H1: Total Issued | I1: Current Stock | J1: Stock status | K1: Stock value
A2: ITM-001 | B2: LED Bulb 9W | C2: Electronics | D2: 428 | E2: 15 | F2: Prime Distributors | G2: =SUMIF(StockIn!B:B, A2, StockIn!D:D) -> 173 | H2: =SUMIF(StockOut!B:B, A2, StockOut!D:D) -> 239 | I2: =G2-H2 -> -66 | J2: =IF(I2<=E2,"Reorder Now","OK") -> Reorder Now | K2: =I2*D2 -> -28248
A3: ITM-002 | B3: USB Cable | C3: Electronics | D3: 4892 | E3: 30 | F3: Zaman Enterprises | G3: =SUMIF(StockIn!B:B, A3, StockIn!D:D) -> 24 | H3: =SUMIF(StockOut!B:B, A3, StockOut!D:D) -> 262 | I3: =G3-H3 -> -238 | J3: =IF(I3<=E3,"Reorder Now","OK") -> Reorder Now | K3: =I3*D3 -> -1164296
A4: ITM-003 | B4: Wireless Mouse | C4: Electronics | D4: 2716 | E4: 10 | F4: Zaman Enterprises | G4: =SUMIF(StockIn!B:B, A4, StockIn!D:D) -> 389 | H4: =SUMIF(StockOut!B:B, A4, StockOut!D:D) -> 206 | I4: =G4-H4 -> 183 | J4: =IF(I4<=E4,"Reorder Now","OK") -> OK | K4: =I4*D4 -> 497028
A5: ITM-004 | B5: Extension Board | C5: Electronics | D5: 407 | E5: 20 | F5: Al-Falah Traders | G5: =SUMIF(StockIn!B:B, A5, StockIn!D:D) -> 278 | H5: =SUMIF(StockOut!B:B, A5, StockOut!D:D) -> 84 | I5: =G5-H5 -> 194 | J5: =IF(I5<=E5,"Reorder Now","OK") -> OK | K5: =I5*D5 -> 78958
A6: ITM-005 | B6: Calculator | C6: Electronics | D6: 2524 | E6: 30 | F6: Al-Falah Traders | G6: =SUMIF(StockIn!B:B, A6, StockIn!D:D) -> 698 | H6: =SUMIF(StockOut!B:B, A6, StockOut!D:D) -> 311 | I6: =G6-H6 -> 387 | J6: =IF(I6<=E6,"Reorder Now","OK") -> OK | K6: =I6*D6 -> 976788
A7: ITM-006 | B7: Power Bank | C7: Electronics | D7: 4029 | E7: 30 | F7: Al-Falah Traders | G7: =SUMIF(StockIn!B:B, A7, StockIn!D:D) -> 260 | H7: =SUMIF(StockOut!B:B, A7, StockOut!D:D) -> 96 | I7: =G7-H7 -> 164 | J7: =IF(I7<=E7,"Reorder Now","OK") -> OK | K7: =I7*D7 -> 660756
A8: ITM-007 | B8: A4 Paper Ream | C8: Stationery | D8: 376 | E8: 20 | F8: Prime Distributors | G8: =SUMIF(StockIn!B:B, A8, StockIn!D:D) -> 216 | H8: =SUMIF(StockOut!B:B, A8, StockOut!D:D) -> 424 | I8: =G8-H8 -> -208 | J8: =IF(I8<=E8,"Reorder Now","OK") -> Reorder Now | K8: =I8*D8 -> -78208
A9: ITM-008 | B9: Ball Pen Box | C9: Stationery | D9: 3485 | E9: 10 | F9: Al-Falah Traders | G9: =SUMIF(StockIn!B:B, A9, StockIn!D:D) -> 83 | H9: =SUMIF(StockOut!B:B, A9, StockOut!D:D) -> 81 | I9: =G9-H9 -> 2 | J9: =IF(I9<=E9,"Reorder Now","OK") -> Reorder Now | K9: =I9*D9 -> 6970
A10: ITM-009 | B10: Stapler | C10: Stationery | D10: 1350 | E10: 10 | F10: Prime Distributors | G10: =SUMIF(StockIn!B:B, A10, StockIn!D:D) -> 208 | H10: =SUMIF(StockOut!B:B, A10, StockOut!D:D) -> 345 | I10: =G10-H10 -> -137 | J10: =IF(I10<=E10,"Reorder Now","OK") -> Reorder Now | K10: =I10*D10 -> -184950
A11: ITM-010 | B11: Notebook | C11: Stationery | D11: 1312 | E11: 20 | F11: Al-Falah Traders | G11: =SUMIF(StockIn!B:B, A11, StockIn!D:D) -> 383 | H11: =SUMIF(StockOut!B:B, A11, StockOut!D:D) -> 141 | I11: =G11-H11 -> 242 | J11: =IF(I11<=E11,"Reorder Now","OK") -> OK | K11: =I11*D11 -> 317504
A12: ITM-011 | B12: Whiteboard Marker | C12: Stationery | D12: 912 | E12: 30 | F12: Zaman Enterprises | G12: =SUMIF(StockIn!B:B, A12, StockIn!D:D) -> 241 | H12: =SUMIF(StockOut!B:B, A12, StockOut!D:D) -> 247 | I12: =G12-H12 -> -6 | J12: =IF(I12<=E12,"Reorder Now","OK") -> Reorder Now | K12: =I12*D12 -> -5472
A13: ITM-012 | B13: File Folder | C13: Stationery | D13: 2272 | E13: 25 | F13: Al-Falah Traders | G13: =SUMIF(StockIn!B:B, A13, StockIn!D:D) -> 207 | H13: =SUMIF(StockOut!B:B, A13, StockOut!D:D) -> 64 | I13: =G13-H13 -> 143 | J13: =IF(I13<=E13,"Reorder Now","OK") -> OK | K13: =I13*D13 -> 324896
... A35: ITM-034 | B35: Labels Sheet | C35: Packaging | D35: 3886 | E35: 20 | F35: Khan Suppliers | G35: =SUMIF(StockIn!B:B, A35, StockIn!D:D) -> 315 | H35: =SUMIF(StockOut!B:B, A35, StockOut!D:D) -> 176 | I35: =G35-H35 -> 139 | J35: =IF(I35<=E35,"Reorder Now","OK") -> OK | K35: =I35*D35 -> 540154

Sheet StockIn
A1: TransactionID | B1: ItemID | C1: Date | D1: QuantityReceived
A2: IN-0172 | B2: ITM-019 | C2: 2026-03-01 | D2: 22
A3: IN-0102 | B3: ITM-005 | C3: 2026-03-01 | D3: 92
A4: IN-0085 | B4: ITM-018 | C4: 2026-03-01 | D4: 10
A5: IN-0109 | B5: ITM-034 | C5: 2026-03-02 | D5: 34
A6: IN-0151 | B6: ITM-025 | C6: 2026-03-03 | D6: 81
A7: IN-0157 | B7: ITM-021 | C7: 2026-03-03 | D7: 56
A8: IN-0136 | B8: ITM-001 | C8: 2026-03-03 | D8: 57
A9: IN-0148 | B9: ITM-004 | C9: 2026-03-06 | D9: 10
A10: IN-0103 | B10: ITM-010 | C10: 2026-03-07 | D10: 27
A11: IN-0024 | B11: ITM-029 | C11: 2026-03-08 | D11: 25
A12: IN-0023 | B12: ITM-028 | C12: 2026-03-09 | D12: 99
A13: IN-0156 | B13: ITM-028 | C13: 2026-03-09 | D13: 75
... A181: IN-0062 | B181: ITM-012 | C181: 2026-07-08 | D181: 47

Sheet StockOut
A1: TransactionID | B1: ItemID | C1: Date | D1: QuantityIssued | E1: IssuedTo
A2: OUT-0143 | B2: ITM-025 | C2: 2026-03-02 | D2: 20 | E2: Warehouse A
A3: OUT-0014 | B3: ITM-008 | C3: 2026-03-02 | D3: 35 | E3: Retail Store 2
A4: OUT-0141 | B4: ITM-030 | C4: 2026-03-03 | D4: 24 | E4: Warehouse B
A5: OUT-0213 | B5: ITM-018 | C5: 2026-03-03 | D5: 56 | E5: Internal Use
A6: OUT-0179 | B6: ITM-026 | C6: 2026-03-04 | D6: 33 | E6: Warehouse A
A7: OUT-0053 | B7: ITM-022 | C7: 2026-03-04 | D7: 26 | E7: Internal Use
A8: OUT-0076 | B8: ITM-028 | C8: 2026-03-05 | D8: 18 | E8: Warehouse B
A9: OUT-0041 | B9: ITM-022 | C9: 2026-03-05 | D9: 19 | E9: Retail Store 2
A10: OUT-0182 | B10: ITM-024 | C10: 2026-03-05 | D10: 52 | E10: Internal Use
A11: OUT-0171 | B11: ITM-011 | C11: 2026-03-06 | D11: 5 | E11: Retail Store 1
A12: OUT-0102 | B12: ITM-007 | C12: 2026-03-08 | D12: 52 | E12: Internal Use
A13: OUT-0125 | B13: ITM-022 | C13: 2026-03-10 | D13: 15 | E13: Retail Store 2
... A221: OUT-0037 | B221: ITM-017 | C221: 2026-07-13 | D221: 36 | E221: Retail Store 1

Sheet Pivot table
A3: Row Labels | B3: Sum of Stock value
A4: Cleaning Supplies | B4: 1800201
A5: Electronics | B5: 1020986
A6: Furniture | B6: 1100229
A7: Groceries | B7: 2073593
A8: Packaging | B8: 2196499
A9: Stationery | B9: 380740
A10: Grand Total | B10: 8572248

Sheet Dashboard
A1: Total items | C1: Low stock items | E1: Inventory value
A2: =COUNTA(Inventory!A2:A35) -> 34 | C2: =COUNTIF(Inventory!J2:J35,"Reorder Now") -> 14 | E2: =SUM(Inventory!K2:K35) -> 8572248
A3: 0
